{"name":"CustomerName","identifier":"2BAZQQHGJJ","description":null,"slotTypeValues":[{"synonyms":null,"sampleValue":{"value":"Jay"}},{"synonyms":null,"sampleValue":{"value":"Jasmin"}},{"synonyms":null,"sampleValue":{"value":"Jason"}},{"synonyms":null,"sampleValue":{"value":"Eric"}},{"synonyms":null,"sampleValue":{"value":"Mark"}},{"synonyms":null,"sampleValue":{"value":"Mike"}},{"synonyms":null,"sampleValue":{"value":"Olivia"}},{"synonyms":null,"sampleValue":{"value":"Stacey"}},{"synonyms":null,"sampleValue":{"value":"Stephen"}},{"synonyms":null,"sampleValue":{"value":"Tomas"}},{"synonyms":null,"sampleValue":{"value":"Karl"}},{"synonyms":null,"sampleValue":{"value":"Alex"}}],"parentSlotTypeSignature":null,"valueSelectionSetting":{"resolutionStrategy":"ORIGINAL_VALUE","regexFilter":null}}