{"name":"CustomerName","identifier":"Z0XRF8B4OZ","description":null,"slotTypeName":"CustomerName","obfuscationSetting":null,"valueElicitationSetting":{"promptSpecification":{"allowInterrupt":true,"messageGroupsList":[{"message":{"ssmlMessage":null,"customPayload":null,"plainTextMessage":{"value":"예약하신 이름을 말씀해주세요"},"imageResponseCard":null},"variations":null}],"maxRetries":2},"slotConstraint":"Required","defaultValueSpecification":null,"sampleUtterances":null,"waitAndContinueSpecification":null},"multipleValuesSetting":null}