{"name":"CustomerName","identifier":"LYY54AE6NE","description":null,"slotTypeValues":[{"synonyms":null,"sampleValue":{"value":"정우성"}},{"synonyms":null,"sampleValue":{"value":"전지현"}},{"synonyms":null,"sampleValue":{"value":"홍길동"}},{"synonyms":null,"sampleValue":{"value":"정창호"}},{"synonyms":null,"sampleValue":{"value":"이재명"}},{"synonyms":null,"sampleValue":{"value":"홍준표"}},{"synonyms":null,"sampleValue":{"value":"이낙연"}},{"synonyms":null,"sampleValue":{"value":"유재석"}},{"synonyms":null,"sampleValue":{"value":"최은진"}}],"parentSlotTypeSignature":null,"valueSelectionSetting":{"resolutionStrategy":"ORIGINAL_VALUE","regexFilter":null}}