{"name":"SearchHotel","identifier":"1CB3BGX1VU","description":null,"parentIntentSignature":null,"sampleUtterances":[{"utterance":"호텔예약 검색해죠"}],"intentConfirmationSetting":null,"intentClosingSetting":null,"inputContexts":null,"outputContexts":null,"kendraConfiguration":null,"dialogCodeHook":{"enabled":true},"fulfillmentCodeHook":{"fulfillmentUpdatesSpecification":null,"postFulfillmentStatusSpecification":null,"enabled":true},"slotPriorities":[{"priority":3,"slotName":"City"},{"priority":1,"slotName":"CustomerName"},{"priority":2,"slotName":"CustomerPhoneNumber"}]}