{"name":"BookHotel","identifier":"PGKDANU3V6","description":null,"parentIntentSignature":null,"sampleUtterances":[{"utterance":"호텔예약해죠"}],"intentConfirmationSetting":{"isActive":true,"declinationResponse":{"allowInterrupt":true,"messageGroupsList":[{"message":{"ssmlMessage":null,"customPayload":null,"plainTextMessage":{"value":"감사합니다."},"imageResponseCard":null},"variations":null}]},"promptSpecification":{"allowInterrupt":true,"messageGroupsList":[{"message":{"ssmlMessage":null,"customPayload":null,"plainTextMessage":{"value":"예약하신 내용이 맞습니까?"},"imageResponseCard":null},"variations":null}],"maxRetries":4}},"intentClosingSetting":null,"inputContexts":null,"outputContexts":null,"kendraConfiguration":null,"dialogCodeHook":null,"fulfillmentCodeHook":null,"slotPriorities":[{"priority":2,"slotName":"Date"},{"priority":1,"slotName":"CustomerName"}]}