{"name":"SearchHotel","identifier":"MUAS0GJR0I","description":null,"parentIntentSignature":null,"sampleUtterances":[{"utterance":"Search for hotel reservations"},{"utterance":"Find the hotel I booked"}],"intentConfirmationSetting":null,"intentClosingSetting":null,"inputContexts":null,"outputContexts":null,"kendraConfiguration":null,"dialogCodeHook":{"enabled":true},"fulfillmentCodeHook":{"fulfillmentUpdatesSpecification":null,"postFulfillmentStatusSpecification":null,"enabled":true},"slotPriorities":[{"priority":3,"slotName":"City"},{"priority":2,"slotName":"CustomerPhoneNumber"},{"priority":1,"slotName":"CustomerName"}]}