{"name":"CustomerPhoneNumber","identifier":"ZG5MS4CZFL","description":null,"slotTypeName":"AMAZON.Number","obfuscationSetting":null,"valueElicitationSetting":{"promptSpecification":{"allowInterrupt":true,"messageGroupsList":[{"message":{"ssmlMessage":null,"customPayload":null,"plainTextMessage":{"value":"전화번호를 말씀해주세요"},"imageResponseCard":null},"variations":null}],"maxRetries":4},"slotConstraint":"Optional","defaultValueSpecification":null,"sampleUtterances":null,"waitAndContinueSpecification":null},"multipleValuesSetting":null}